代名詞,,名詞,,サ変名詞,,形容動詞,,固有名詞,,組織名,,人名,,地名,,ナイ形容,,副詞可能,,未知語,,タグ,,動詞,,形容詞,,副詞,,名詞B,,動詞B,,形容詞B,,副詞B,,名詞C,,否定助動詞,,形容詞（非自立）,
キミ,185,未来,40,一緒,26,大切,18,セイ,3,朝日,4,ゴー,3,日,2,頼り,2,今,71,NO,45,記念日,7,泣く,37,強い,17,キラキラ,14,うた,12,する,74,ない,39,もっと,25,夢,110,ない,186,いい,13
みんな,55,場所,31,約束,15,大好き,11,ウラ,2,ココロ,3,たか,2,ナイアガラ,1,,,明日,38,Happy,35,,,走る,29,遠い,16,ドキドキ,12,ありったけ,6,いる,33,いい,8,もう,24,手,48,ぬ,23,ほしい,2
何,31,世界,17,アタック,6,ステキ,10,タテ,2,パ,1,ていこ,2,バレ,1,,,ひとつ,28,GIRL,29,,,待つ,27,熱い,13,シャンシャン,11,かけ,5,なる,33,まぶしい,8,そう,20,空,30,,,よい,2
わたし,30,勇気,16,覚悟,6,好き,8,スマ,1,毎日,1,てる,2,開,1,,,今日,25,GO,24,,,歌う,21,優しい,10,初めて,7,がら,5,ある,31,おしい,6,すぐ,18,歌,29,,,,
私,24,気持ち,15,息,6,特別,5,リ,1,,,カラダ,2,繋,1,,,前,24,THE,23,,,行く,21,新しい,9,もう一度,6,ときめき,5,なれる,17,くらい,2,きっと,15,声,28,,,,
誰,23,自分,14,旅,6,急,4,リン,1,,,キミ,2,七色,1,,,いつ,23,Girls,22,,,追いかける,20,切ない,8,ドーン,6,おもちゃ,4,あわせる,13,つらい,2,ずっと,15,心,27,,,,
それ,15,キズ,13,スタート,5,幸せ,4,,,,,神,2,出会,1,,,夏,21,SUN,21,,,聞こえる,20,果てしない,7,少し,4,ひとり,3,あふれる,12,まばゆい,2,まだ,15,愛,25,,,,
どこ,15,ホント,12,パーティ,5,精一杯,4,,,,,うさぎ,1,朝,1,,,いつか,18,UP,21,,,感じる,19,高い,6,今さら,3,まぶた,3,ときめく,11,よい,2,いつも,14,星,19,,,,
ここ,14,笑顔,12,記憶,5,大事,4,,,,,りさ,1,,,,,瞬間,16,(Wo...),20,,,言う,18,早い,6,ワクワク,2,かけがえ,2,ねる,11,あたたかい,1,そっと,12,風,19,,,,
君,9,音楽,11,ため息,4,大丈夫,4,,,,,コネコ,1,,,,,いま,12,Step,18,,,続く,18,白い,6,何故,2,くし,2,たつ,10,うまい,1,ちょっと,10,目,18,,,,
これ,7,景色,10,ストップ,4,無敵,4,,,,,サンタクロース,1,,,,,昨日,12,ゅ,18,,,夢見る,18,愛しい,4,遮二無二,2,そば,2,みる,10,うれしい,1,どう,10,人,14,,,,
きみ,4,思い出,10,緊張,4,素直,3,,,,,タン,1,,,,,夜,10,(Hi,16,,,見る,17,美しい,4,二度と,2,たま,2,わる,10,かたい,1,どんなに,9,道,13,,,,
そこ,4,ドア,9,鼓動,4,素敵,3,,,,,ドク,1,,,,,日々,8,Dream,16,,,信じる,16,甘い,3,本当に,2,たん,2,あきらめる,9,かなしい,1,たぶん,7,先,12,,,,
どれ,4,永遠,9,体験,4,ひたむき,2,,,,,ハン,1,,,,,すべて,7,LOVE,16,,,忘れる,16,青い,3,いつの間にか,1,てこ,2,あつめる,9,こい,1,やっと,7,光,11,,,,
なに,4,季節,9,ドキドキ,3,まっすぐ,2,,,,,リック,1,,,,,過去,7,POPIPA,16,,,迷う,16,怖い,3,もう少し,1,ひととき,2,つなぐ,9,ずるい,1,ぎゅっと,6,胸,10,,,,
ボク,4,青春,9,ノック,3,まれ,2,,,,,ロー,1,,,,,時間,7,(Yeah,15,,,思う,15,懐かしい,2,グルグル,1,ひまわり,2,できる,8,たまらない,1,やっぱ,6,音,9,,,,
こっち,2,奇跡,8,希望,3,センセーショナル,2,,,,,星,1,,,,,ぜんぶ,6,ChuChu,15,,,止まる,15,嬉しい,2,バラバラ,1,ふた,2,でる,8,ちかい,1,そろそろ,5,涙,9,,,,
そっ,2,思い,8,勝負,3,一途,2,,,,,,,,,,,偶然,5,for,13,,,見つける,14,苦い,2,フワフワ,1,もの,2,きる,7,つめたい,1,たった,4,花,8,,,,
なあに,2,女の子,8,全開,3,決定的,2,,,,,,,,,,,秋,5,High,13,,,出会う,14,寂しい,2,決して,1,あと,1,だせる,7,ふがいない,1,どうして,4,時,6,,,,
あれ,1,ステージ,7,背伸び,3,孤独,2,,,,,,,,,,,全部,5,My,13,,,進む,14,焦れったい,2,思い切り,1,いちど,1,あがる,6,ほこらしい,1,まるで,4,雨,5,,,,
いくつ,1,ミュージック,7,予感,3,真っ直ぐ,2,,,,,,,,,,,一番,4,YOUR,13,,,会える,13,心強い,2,時々,1,いね,1,いく,6,ほしい,1,もうすぐ,4,奥,5,,,,
ここら,1,メロディ,7,お願い,2,不安,2,,,,,,,,,,,朝,4,Hi),12,,,終わる,13,淡い,2,時に,1,うさぎ,1,つく,6,もったいない,1,もしも,4,髪,5,,,,
だれ,1,言葉,7,ちょっと,2,不確か,2,,,,,,,,,,,午後,3,PIPOPA,12,,,輝く,12,冷たい,2,正々堂々,1,うちわ,1,のばす,6,やるせない,1,ゆっくり,4,輪,5,,,,
なん,1,向こう,7,タッチ,2,平和,2,,,,,,,,,,,春,3,Song,12,,,笑う,12,眩しい,2,正に,1,うつつ,1,はしゃぐ,6,,,ありのまま,3,唄,4,,,,
よそ,1,シャン,6,ダッシュ,2,無理,2,,,,,,,,,,,全て,3,Hello,11,,,届ける,12,温かい,1,,,うねり,1,ちる,5,,,いざ,3,形,4,,,,
何処,1,ハート,6,ダンス,2,しとやか,1,,,,,,,,,,,途中,3,TIME,11,,,見つめる,11,何気ない,1,,,おんなじ,1,とまる,5,,,いちばん,3,肩,4,,,,
皆,1,運命,6,フライング,2,そんな,1,,,,,,,,,,,冬,3,DREAMING,10,,,知る,11,楽しい,1,,,かな,1,ぬける,5,,,ときどき,3,指,4,,,,
,,情熱,6,プレゼント,2,どんな,1,,,,,,,,,,,たくさん,2,Jumpin,10,,,落ちる,11,近い,1,,,からだ,1,かみしめる,4,,,どきどき,3,次,4,,,,
,,世界中,6,加速,2,ガチガチ,1,,,,,,,,,,,遠く,2,lalala,10,,,唄う,10,苦しい,1,,,からっぽ,1,つかまえる,4,,,いっぱい,2,雪,4,,,,
,,想い,6,加熱,2,キレイ,1,,,,,,,,,,,休日,2,Sing,10,,,繋ぐ,10,激しい,1,,,くちびる,1,はぐれる,4,,,きらきら,2,窓,4,,,,
,,日常,6,我慢,2,ダメ,1,,,,,,,,,,,月曜,2,(Jumpin,9,,,向かう,10,誇らしい,1,,,ぐるり,1,はじける,4,,,こっそり,2,虹,4,,,,
,,物語,6,感動,2,メイン,1,,,,,,,,,,,八月,2,and,9,,,生きる,10,照れくさい,1,,,けなげ,1,もらう,4,,,これから,2,絆,4,,,,
,,無敵,6,挫折,2,メンタル,1,,,,,,,,,,,あと,1,Party,9,,,誓う,10,上手い,1,,,このまま,1,やる,4,,,こんなに,2,嘘,3,,,,
,,夜空,6,準備,2,一心不乱,1,,,,,,,,,,,いちばん,1,Yeah,9,,,奏でる,10,深い,1,,,こんなに,1,わかる,4,,,たとえ,2,雲,3,,,,
,,ハネ,5,衝動,2,永遠,1,,,,,,,,,,,その日,1,ぎ,9,,,夢みる,10,蒼い,1,,,さら,1,わける,4,,,とびきり,2,駅,3,,,,
,,最高,5,心配,2,可能,1,,,,,,,,,,,それぞれ,1,BanG_Dream,8,,,決める,9,尊い,1,,,しずく,1,あたためる,3,,,どうか,2,鞄,3,,,,
,,少女,5,想像,2,完全,1,,,,,,,,,,,一生,1,ChaCha,8,,,振り向く,9,大きい,1,,,たこ,1,かける,3,,,なんて,2,鍵,3,,,,
,,太陽,5,吐息,2,苦手,1,,,,,,,,,,,一夜,1,CRY),8,,,探す,9,短い,1,,,ただ,1,かじる,3,,,まず,2,耳,3,,,,
,,男の子,5,うるうる,1,軽やか,1,,,,,,,,,,,去年,1,delight,8,,,伝える,9,恥ずかしい,1,,,つぼみ,1,きがえる,3,,,まっすぐ,2,色,3,,,,
,,宝物,5,おしゃべり,1,健やか,1,,,,,,,,,,,近く,1,Jump,8,,,飛びだす,9,忙しい,1,,,ぬくもり,1,きらめく,3,,,ゆらゆら,2,神,3,,,,
,,本当,5,おんぶ,1,健気,1,,,,,,,,,,,金曜,1,Lapse,8,,,抱く,9,無い,1,,,ひと,1,こぼれおちる,3,,,わくわく,2,身,3,,,,
,,カン,4,お礼,1,元気,1,,,,,,,,,,,金曜日,1,light,8,,,来る,9,眩い,1,,,ひとみ,1,こる,3,,,あと,1,袖,3,,,,
,,クリスマス,4,ざわざわ,1,淑やか,1,,,,,,,,,,,現在,1,Lock,8,,,離す,9,,,,,びら,1,そる,3,,,いつしか,1,体,3,,,,
,,ケイ,4,まわり道,1,正直,1,,,,,,,,,,,今年,1,NON,8,,,会う,8,,,,,ふたつ,1,だす,3,,,きらり,1,箱,3,,,,
,,限界,4,もらい泣き,1,鮮やか,1,,,,,,,,,,,今夜,1,PAPPING,8,,,回る,8,,,,,ふたり,1,だまる,3,,,くらくら,1,扉,3,,,,
,,最強,4,キャッチ,1,前向き,1,,,,,,,,,,,最近,1,(Yes,7,,,祈る,8,,,,,ほのか,1,つくる,3,,,くるくる,1,陽,3,,,,
,,仲間,4,ケンカ,1,退屈,1,,,,,,,,,,,真っすぐ,1,Friends,7,,,見上げる,8,,,,,ぽんぽん,1,つながる,3,,,こう,1,和,3,,,,
,,背中,4,サイン,1,必要,1,,,,,,,,,,,真夜中,1,Let,7,,,集める,8,,,,,まち,1,はじまる,3,,,こんなにも,1,ガ,2,,,,
,,魔法,4,ニコニコ,1,不可能,1,,,,,,,,,,,精一杯,1,PA,7,,,出会える,8,,,,,まま,1,はねる,3,,,こんなふうに,1,セ,2,,,,
,,ギター,3,バック,1,不思議,1,,,,,,,,,,,日曜日,1,Photograph,7,,,届く,8,,,,,ままごと,1,ひろげる,3,,,さ,1,飴,2,,,,
,,サヨナラ,3,パレード,1,本気,1,,,,,,,,,,,半分,1,s,7,,,放つ,8,,,,,みつ,1,ふむ,3,,,しゃんしゃん,1,下,2,,,,
,,タイム,3,フラッシュ,1,摩訶不思議,1,,,,,,,,,,,毎日,1,Wink,7,,,解き放つ,7,,,,,もち,1,まかせる,3,,,しんしん,1,外,2,,,,
,,ネジ,3,リクエスト,1,密やか,1,,,,,,,,,,,夕暮れ,1,Wish,7,,,叫ぶ,7,,,,,りんご,1,みつける,3,,,せめて,1,弧,2,,,,
,,井戸,3,意味,1,夢中,1,,,,,,,,,,,来週,1,Yes,7,,,合わせる,7,,,,,,,めくるめく,3,,,ただただ,1,傘,2,,,,
,,一口,3,覚醒,1,無邪気,1,,,,,,,,,,,刹那,1,チカラ,7,,,咲く,7,,,,,,,よる,3,,,ちょっぴり,1,姿,2,,,,
,,一人ぼっち,3,感激,1,無茶,1,,,,,,,,,,,,,(Flyin,6,,,止める,7,,,,,,,わすれる,3,,,ともに,1,青,2,,,,
,,果て,3,感謝,1,愉快,1,,,,,,,,,,,,,(HEADS,6,,,変わる,7,,,,,,,あける,2,,,なお,1,赤,2,,,,
,,歌声,3,願望,1,曖昧,1,,,,,,,,,,,,,CLAP,6,,,抱きしめる,7,,,,,,,あげる,2,,,なぜ,1,損,2,,,,
,,願い,3,嬉し泣き,1,,,,,,,,,,,,,,,CRY(NO,6,,,違う,6,,,,,,,いける,2,,,なんだか,1,波,2,,,,
,,輝き,3,寄り道,1,,,,,,,,,,,,,,,FEELING,6,,,溢れる,6,,,,,,,おきる,2,,,なんとか,1,背,2,,,,
,,教室,3,休止,1,,,,,,,,,,,,,,,Flyin,6,,,教える,6,,,,,,,かかる,2,,,なんにも,1,壁,2,,,,
,,戸惑い,3,胸騒ぎ,1,,,,,,,,,,,,,,,HANDS,6,,,繋がる,6,,,,,,,かきあげる,2,,,にっこり,1,右,1,,,,
,,祭り,3,禁断,1,,,,,,,,,,,,,,,Hi,6,,,向く,6,,,,,,,かきわける,2,,,はじめて,1,羽,1,,,,
,,始まり,3,駆け引き,1,,,,,,,,,,,,,,,Home,6,,,始まる,6,,,,,,,かまう,2,,,はるか,1,影,1,,,,
,,時代,3,計測,1,,,,,,,,,,,,,,,Kiss,6,,,生まれる,6,,,,,,,かわる,2,,,ばんばん,1,暇,1,,,,
,,出会い,3,決定,1,,,,,,,,,,,,,,,Lalalala,6,,,増える,6,,,,,,,きく,2,,,ひらひら,1,芽,1,,,,
,,神様,3,呼吸,1,,,,,,,,,,,,,,,me,6,,,遊ぶ,6,,,,,,,くる,2,,,ふたたび,1,海,1,,,,
,,人生,3,交差,1,,,,,,,,,,,,,,,oh,6,,,揺れる,6,,,,,,,ける,2,,,ふと,1,絵,1,,,,
,,速度,3,散歩,1,,,,,,,,,,,,,,,Sky,6,,,握る,5,,,,,,,こう,2,,,ふらふら,1,街,1,,,,
,,大人,3,授業,1,,,,,,,,,,,,,,,SO,6,,,気づく,5,,,,,,,こえる,2,,,ふわふわ,1,学,1,,,,
,,彼方,3,出陣,1,,,,,,,,,,,,,,,street,6,,,気付く,5,,,,,,,こぼれる,2,,,ぶらり,1,缶,1,,,,
,,放課後,3,焦燥,1,,,,,,,,,,,,,,,TALALALALALALALA,6,,,響く,5,,,,,,,さけぶ,2,,,ほっと,1,机,1,,,,
,,名前,3,深呼吸,1,,,,,,,,,,,,,,,TO,6,,,駆ける,5,,,,,,,さめる,2,,,ほんと,1,既,1,,,,
,,友だち,3,制,1,,,,,,,,,,,,,,,You,6,,,撃ち抜く,5,,,,,,,しれる,2,,,また,1,輝,1,,,,
,,両手,3,成長,1,,,,,,,,,,,,,,,(ChaCha,5,,,見える,5,,,,,,,そう,2,,,まだまだ,1,菊,1,,,,
,,３つ,2,前進,1,,,,,,,,,,,,,,,BanG,5,,,呼ぶ,5,,,,,,,だきしめる,2,,,めらめら,1,丘,1,,,,
,,お菓子,2,誕生,1,,,,,,,,,,,,,,,Check,5,,,集まる,5,,,,,,,ちゃう,2,,,もしかして,1,橋,1,,,,
,,アワ,2,断続,1,,,,,,,,,,,,,,,CiRCLING,5,,,伸ばす,5,,,,,,,つづく,2,,,やっぱり,1,鏡,1,,,,
,,イニシャル,2,仲直り,1,,,,,,,,,,,,,,,DREAM),5,,,震える,5,,,,,,,つめこむ,2,,,,,曲,1,,,,
,,オバケ,2,通学,1,,,,,,,,,,,,,,,Dreamers,5,,,突き抜ける,5,,,,,,,とぶ,2,,,,,靴,1,,,,
,,クリ,2,熱狂,1,,,,,,,,,,,,,,,Forever,5,,,飛ぶ,5,,,,,,,とまどう,2,,,,,月,1,,,,
,,コード,2,燃焼,1,,,,,,,,,,,,,,,GROWING,5,,,微笑む,5,,,,,,,とらわれる,2,,,,,幻,1,,,,
,,コルネット,2,買い物,1,,,,,,,,,,,,,,,IN,5,,,歩く,5,,,,,,,ぬけだす,2,,,,,左,1,,,,
,,ジェネレーション,2,発表,1,,,,,,,,,,,,,,,Masquerade,5,,,鳴らす,5,,,,,,,のせる,2,,,,,砂,1,,,,
,,スター,2,変身,1,,,,,,,,,,,,,,,MEMORIES,5,,,踊る,5,,,,,,,のる,2,,,,,志,1,,,,
,,ステップ,2,冒険,1,,,,,,,,,,,,,,,on,5,,,離れる,5,,,,,,,はじめる,2,,,,,舟,1,,,,
,,ハイ,2,魅惑,1,,,,,,,,,,,,,,,out,5,,,愛す,4,,,,,,,はやる,2,,,,,鐘,1,,,,
,,ハモ,2,了解,1,,,,,,,,,,,,,,,POPPING,5,,,越える,4,,,,,,,はる,2,,,,,上,1,,,,
,,ハラ,2,連続,1,,,,,,,,,,,,,,,T,5,,,開ける,4,,,,,,,ひむ,2,,,,,針,1,,,,
,,バディ,2,話,1,,,,,,,,,,,,,,,Train,5,,,覚える,4,,,,,,,ひらく,2,,,,,西,1,,,,
,,ファイト,2,彷徨,1,,,,,,,,,,,,,,,イ,5,,,願う,4,,,,,,,ひる,2,,,,,席,1,,,,
,,ホップ,2,,,,,,,,,,,,,,,,,サプライズ,5,,,気がつく,4,,,,,,,ぶつかる,2,,,,,蝉,1,,,,
,,ユメ,2,,,,,,,,,,,,,,,,,ススメ,5,,,起きる,4,,,,,,,ほどく,2,,,,,他,1,,,,
,,ヨコ,2,,,,,,,,,,,,,,,,,(Just,4,,,詰まる,4,,,,,,,まわる,2,,,,,蝶,1,,,,
,,ライバル,2,,,,,,,,,,,,,,,,,(Love,4,,,考える,4,,,,,,,もぐ,2,,,,,底,1,,,,
,,ラッシュ,2,,,,,,,,,,,,,,,,,(Maybe,4,,,拾う,4,,,,,,,やすむ,2,,,,,答,1,,,,
,,リボン,2,,,,,,,,,,,,,,,,,(POPIPA,4,,,重ねる,4,,,,,,,やむ,2,,,,,瞳,1,,,,
,,リン,2,,,,,,,,,,,,,,,,,(Sing,4,,,昇る,4,,,,,,,やめる,2,,,,,謎,1,,,,
,,一直線,2,,,,,,,,,,,,,,,,,(Snow,4,,,吹く,4,,,,,,,ゆずれる,2,,,,,舞,1,,,,
,,雨上がり,2,,,,,,,,,,,,,,,,,BEAT,4,,,踏みだす,4,,,,,,,ゆれる,2,,,,,腹,1,,,,
,,横顔,2,,,,,,,,,,,,,,,,,Believe,4,,,入れる,4,,,,,,,よせる,2,,,,,脈,1,,,,
,,感情,2,,,,,,,,,,,,,,,,,Breakthrough,4,,,負ける,4,,,,,,,あこがれる,1,,,,,門,1,,,,
,,眼差し,2,,,,,,,,,,,,,,,,,CLAPPING,4,,,変える,4,,,,,,,あつまる,1,,,,,柳,1,,,,
,,気分,2,,,,,,,,,,,,,,,,,DANCE,4,,,抑える,4,,,,,,,あてる,1,,,,,友,1,,,,
,,祈り,2,,,,,,,,,,,,,,,,,Day,4,,,立ち止まる,4,,,,,,,ありふれる,1,,,,,力,1,,,,
,,決め,2,,,,,,,,,,,,,,,,,DON,4,,,立つ,4,,,,,,,あるく,1,,,,,隣,1,,,,
,,幸せ,2,,,,,,,,,,,,,,,,,FLY,4,,,かき集める,3,,,,,,,いざなう,1,,,,,鈴,1,,,,
,,校舎,2,,,,,,,,,,,,,,,,,It,4,,,押す,3,,,,,,,いろどる,1,,,,,霊,1,,,,
,,高らか,2,,,,,,,,,,,,,,,,,Missing,4,,,開く,3,,,,,,,うずまく,1,,,,,恋,1,,,,
,,混じりけ,2,,,,,,,,,,,,,,,,,mode,4,,,確かめる,3,,,,,,,うちあける,1,,,,,,,,,,
,,砂時計,2,,,,,,,,,,,,,,,,,name,4,,,叶う,3,,,,,,,うつ,1,,,,,,,,,,
,,最後,2,,,,,,,,,,,,,,,,,NANANANANANANA,4,,,巻く,3,,,,,,,うねる,1,,,,,,,,,,
,,指先,2,,,,,,,,,,,,,,,,,Now,4,,,帰る,3,,,,,,,おくる,1,,,,,,,,,,
,,自身,2,,,,,,,,,,,,,,,,,of,4,,,駆け抜ける,3,,,,,,,おくれる,1,,,,,,,,,,
,,七色,2,,,,,,,,,,,,,,,,,Over,4,,,見せる,3,,,,,,,おりる,1,,,,,,,,,,
,,手紙,2,,,,,,,,,,,,,,,,,Poppin,4,,,光る,3,,,,,,,かえる,1,,,,,,,,,,
,,手前,2,,,,,,,,,,,,,,,,,SAKURA,4,,,広げる,3,,,,,,,かかげる,1,,,,,,,,,,
,,純情,2,,,,,,,,,,,,,,,,,Search,4,,,咲かせる,3,,,,,,,かけあう,1,,,,,,,,,,
,,女子,2,,,,,,,,,,,,,,,,,SHINING,4,,,始める,3,,,,,,,かさねる,1,,,,,,,,,,
,,勝ち,2,,,,,,,,,,,,,,,,,Smile,4,,,失う,3,,,,,,,かざす,1,,,,,,,,,,
,,身体,2,,,,,,,,,,,,,,,,,STAR,4,,,守る,3,,,,,,,きかせる,1,,,,,,,,,,
,,制服,2,,,,,,,,,,,,,,,,,Step),4,,,出る,3,,,,,,,くすぐる,1,,,,,,,,,,
,,晴れ,2,,,,,,,,,,,,,,,,,Sweet,4,,,巡る,3,,,,,,,くばる,1,,,,,,,,,,
,,戦場,2,,,,,,,,,,,,,,,,,キモチ,4,,,照らす,3,,,,,,,こぐ,1,,,,,,,,,,
,,線路,2,,,,,,,,,,,,,,,,,ティアドロップス,4,,,触れる,3,,,,,,,こめる,1,,,,,,,,,,
,,全身全霊,2,,,,,,,,,,,,,,,,,バチバチ,4,,,晴れる,3,,,,,,,ころぶ,1,,,,,,,,,,
,,全力,2,,,,,,,,,,,,,,,,,ヒミツ,4,,,醒める,3,,,,,,,さえずる,1,,,,,,,,,,
,,地図,2,,,,,,,,,,,,,,,,,ミラクル,4,,,切り開く,3,,,,,,,さがす,1,,,,,,,,,,
,,電車,2,,,,,,,,,,,,,,,,,レボリューション,4,,,組む,3,,,,,,,ささやく,1,,,,,,,,,,
,,答え,2,,,,,,,,,,,,,,,,,(Circling!),3,,,挑める,3,,,,,,,さる,1,,,,,,,,,,
,,熱情,2,,,,,,,,,,,,,,,,,(Dreamers,3,,,聴く,3,,,,,,,しく,1,,,,,,,,,,
,,負け,2,,,,,,,,,,,,,,,,,(Haaah,3,,,秘める,3,,,,,,,しまう,1,,,,,,,,,,
,,夢見,2,,,,,,,,,,,,,,,,,(HUU,3,,,描く,3,,,,,,,すぎる,1,,,,,,,,,,
,,無限,2,,,,,,,,,,,,,,,,,(Love!),3,,,舞う,3,,,,,,,すくう,1,,,,,,,,,,
,,迷路,2,,,,,,,,,,,,,,,,,(Our,3,,,聞く,3,,,,,,,そうなる,1,,,,,,,,,,
,,友情,2,,,,,,,,,,,,,,,,,(Peace!),3,,,膨らむ,3,,,,,,,そろう,1,,,,,,,,,,
,,浴衣,2,,,,,,,,,,,,,,,,,(POPPING,3,,,眠る,3,,,,,,,たぎる,1,,,,,,,,,,
,,流星,2,,,,,,,,,,,,,,,,,ARE,3,,,立ちあがる,3,,,,,,,たぐる,1,,,,,,,,,,
,,５つ,1,,,,,,,,,,,,,,,,,catch,3,,,流れる,3,,,,,,,ためらう,1,,,,,,,,,,
,,お互い,1,,,,,,,,,,,,,,,,,CRY,3,,,零れる,3,,,,,,,たりる,1,,,,,,,,,,
,,お腹,1,,,,,,,,,,,,,,,,,Dear,3,,,連れる,3,,,,,,,だく,1,,,,,,,,,,
,,またたく間,1,,,,,,,,,,,,,,,,,DREAM(NO,3,,,涸れる,3,,,,,,,つかむ,1,,,,,,,,,,
,,アーチ,1,,,,,,,,,,,,,,,,,Emotion,3,,,煌めく,3,,,,,,,つづる,1,,,,,,,,,,
,,アイス,1,,,,,,,,,,,,,,,,,Everyday,3,,,スる,2,,,,,,,つなげる,1,,,,,,,,,,
,,イエス,1,,,,,,,,,,,,,,,,,Final,3,,,育つ,2,,,,,,,つぶやく,1,,,,,,,,,,
,,イタズラ,1,,,,,,,,,,,,,,,,,Fun,3,,,育てる,2,,,,,,,つむ,1,,,,,,,,,,
,,イベント,1,,,,,,,,,,,,,,,,,Future,3,,,引く,2,,,,,,,つめる,1,,,,,,,,,,
,,イマジネーション,1,,,,,,,,,,,,,,,,,Heart,3,,,羽ばたく,2,,,,,,,つる,1,,,,,,,,,,
,,カスタネット,1,,,,,,,,,,,,,,,,,Hirameki,3,,,映す,2,,,,,,,とめる,1,,,,,,,,,,
,,カメラ,1,,,,,,,,,,,,,,,,,Initial,3,,,寄る,2,,,,,,,とる,1,,,,,,,,,,
,,カラオケ,1,,,,,,,,,,,,,,,,,Joy,3,,,泣きじゃくる,2,,,,,,,とろける,1,,,,,,,,,,
,,カレー,1,,,,,,,,,,,,,,,,,JUMPING,3,,,響かせる,2,,,,,,,ならべる,1,,,,,,,,,,
,,キャンドル,1,,,,,,,,,,,,,,,,,Kirameki,3,,,経つ,2,,,,,,,ぬぐ,1,,,,,,,,,,
,,キャンバス,1,,,,,,,,,,,,,,,,,Knocking,3,,,結ぶ,2,,,,,,,のぞく,1,,,,,,,,,,
,,ケース,1,,,,,,,,,,,,,,,,,Make(wa,3,,,見つけだす,2,,,,,,,のぼる,1,,,,,,,,,,
,,ゲーム,1,,,,,,,,,,,,,,,,,oh...,3,,,見渡す,2,,,,,,,はいる,1,,,,,,,,,,
,,コーヒー,1,,,,,,,,,,,,,,,,,oh...Time,3,,,言える,2,,,,,,,はずむ,1,,,,,,,,,,
,,コトバ,1,,,,,,,,,,,,,,,,,Our,3,,,枯れる,2,,,,,,,ひるむ,1,,,,,,,,,,
,,コロッケ,1,,,,,,,,,,,,,,,,,Peace,3,,,誤魔化す,2,,,,,,,ひろがる,1,,,,,,,,,,
,,コン,1,,,,,,,,,,,,,,,,,PRIDE(NO,3,,,交わる,2,,,,,,,ふさぐ,1,,,,,,,,,,
,,シグナル,1,,,,,,,,,,,,,,,,,PRIDE),3,,,向ける,2,,,,,,,ふみだす,1,,,,,,,,,,
,,ジグザグ,1,,,,,,,,,,,,,,,,,Returns(,3,,,行ける,2,,,,,,,ふる,1,,,,,,,,,,
,,スコア,1,,,,,,,,,,,,,,,,,Scope,3,,,降り注ぐ,2,,,,,,,ふるえる,1,,,,,,,,,,
,,スズメ,1,,,,,,,,,,,,,,,,,SHINE,3,,,高鳴る,2,,,,,,,ふるわせる,1,,,,,,,,,,
,,スピード,1,,,,,,,,,,,,,,,,,"Shine,",3,,,刻む,2,,,,,,,ぶらさげる,1,,,,,,,,,,
,,スペシャル,1,,,,,,,,,,,,,,,,,sky),3,,,告げる,2,,,,,,,へる,1,,,,,,,,,,
,,スマイル,1,,,,,,,,,,,,,,,,,Start,3,,,腰かける,2,,,,,,,ほどける,1,,,,,,,,,,
,,タンバリン,1,,,,,,,,,,,,,,,,,STILL,3,,,混ざる,2,,,,,,,まう,1,,,,,,,,,,
,,チーズ,1,,,,,,,,,,,,,,,,,Surprise,3,,,挫ける,2,,,,,,,まつ,1,,,,,,,,,,
,,チョコ,1,,,,,,,,,,,,,,,,,THEY,3,,,残る,2,,,,,,,まもる,1,,,,,,,,,,
,,テンション,1,,,,,,,,,,,,,,,,,WHAT,3,,,仕掛ける,2,,,,,,,みつかる,1,,,,,,,,,,
,,トナカイ,1,,,,,,,,,,,,,,,,,World,3,,,思いこむ,2,,,,,,,むかう,1,,,,,,,,,,
,,ドリンク,1,,,,,,,,,,,,,,,,,ょ,3,,,治る,2,,,,,,,めがける,1,,,,,,,,,,
,,バー,1,,,,,,,,,,,,,,,,,エクスペリエンス,3,,,捨てる,2,,,,,,,めぐりあう,1,,,,,,,,,,
,,バイ,1,,,,,,,,,,,,,,,,,ガールズコード,3,,,取る,2,,,,,,,めぐる,1,,,,,,,,,,
,,バター,1,,,,,,,,,,,,,,,,,キセキ,3,,,受け取る,2,,,,,,,もつ,1,,,,,,,,,,
,,バナナ,1,,,,,,,,,,,,,,,,,シ,3,,,祝う,2,,,,,,,ゆう,1,,,,,,,,,,
,,バンド,1,,,,,,,,,,,,,,,,,シアワセ,3,,,潤む,2,,,,,,,ゆく,1,,,,,,,,,,
,,パーティー,1,,,,,,,,,,,,,,,,,ゼンブ,3,,,書く,2,,,,,,,よくばる,1,,,,,,,,,,
,,パスタ,1,,,,,,,,,,,,,,,,,チョココロネ,3,,,招く,2,,,,,,,よみがえる,1,,,,,,,,,,
,,パン,1,,,,,,,,,,,,,,,,,テ,3,,,上がる,2,,,,,,,よろこぶ,1,,,,,,,,,,
,,ヒゲ,1,,,,,,,,,,,,,,,,,ハピネス,3,,,食べる,2,,,,,,,わかつ,1,,,,,,,,,,
,,ヒント,1,,,,,,,,,,,,,,,,,ミライ,3,,,震わす,2,,,,,,,わく,1,,,,,,,,,,
,,フィルム,1,,,,,,,,,,,,,,,,,ル,3,,,震わせる,2,,,,,,,わたす,1,,,,,,,,,,
,,ブロック,1,,,,,,,,,,,,,,,,,(Believe),2,,,戦う,2,,,,,,,わたる,1,,,,,,,,,,
,,ベッド,1,,,,,,,,,,,,,,,,,(ChoCho,2,,,染まる,2,,,,,,,,,,,,,,,,,,
,,ベル,1,,,,,,,,,,,,,,,,,(ChuChu,2,,,選ぶ,2,,,,,,,,,,,,,,,,,,
,,ベンチ,1,,,,,,,,,,,,,,,,,(Clapping,2,,,掻き鳴らす,2,,,,,,,,,,,,,,,,,,
,,ホーム,1,,,,,,,,,,,,,,,,,(come),2,,,走れる,2,,,,,,,,,,,,,,,,,,
,,ボーイ,1,,,,,,,,,,,,,,,,,(CUTE,2,,,足りる,2,,,,,,,,,,,,,,,,,,
,,ポケット,1,,,,,,,,,,,,,,,,,(Double,2,,,続ける,2,,,,,,,,,,,,,,,,,,
,,マーチ,1,,,,,,,,,,,,,,,,,(dreams),2,,,打ち上げる,2,,,,,,,,,,,,,,,,,,
,,マイク,1,,,,,,,,,,,,,,,,,(forever,2,,,待てる,2,,,,,,,,,,,,,,,,,,
,,マキシマム,1,,,,,,,,,,,,,,,,,(Jumping,2,,,弾ける,2,,,,,,,,,,,,,,,,,,
,,マシン,1,,,,,,,,,,,,,,,,,(Let,2,,,着く,2,,,,,,,,,,,,,,,,,,
,,メッセージ,1,,,,,,,,,,,,,,,,,(Loving,2,,,着る,2,,,,,,,,,,,,,,,,,,
,,メニュー,1,,,,,,,,,,,,,,,,,"(Masquerade,",2,,,掴む,2,,,,,,,,,,,,,,,,,,
,,モード,1,,,,,,,,,,,,,,,,,(Max,2,,,諦める,2,,,,,,,,,,,,,,,,,,
,,ユニバース,1,,,,,,,,,,,,,,,,,(No,2,,,伝う,2,,,,,,,,,,,,,,,,,,
,,ライブ,1,,,,,,,,,,,,,,,,,(Open,2,,,渡る,2,,,,,,,,,,,,,,,,,,
,,ライン,1,,,,,,,,,,,,,,,,,(true,2,,,踏みしめる,2,,,,,,,,,,,,,,,,,,
,,ラップ,1,,,,,,,,,,,,,,,,,"(YOU,",2,,,踏む,2,,,,,,,,,,,,,,,,,,
,,リスト,1,,,,,,,,,,,,,,,,,)Now(,2,,,動きだす,2,,,,,,,,,,,,,,,,,,
,,リズム,1,,,,,,,,,,,,,,,,,)You(,2,,,悩む,2,,,,,,,,,,,,,,,,,,
,,ルール,1,,,,,,,,,,,,,,,,,ahead,2,,,覗く,2,,,,,,,,,,,,,,,,,,
,,レンズ,1,,,,,,,,,,,,,,,,,Anniversary,2,,,抜ける,2,,,,,,,,,,,,,,,,,,
,,愛情,1,,,,,,,,,,,,,,,,,"band,",2,,,飛びこむ,2,,,,,,,,,,,,,,,,,,
,,暗闇,1,,,,,,,,,,,,,,,,,blues,2,,,飛び越える,2,,,,,,,,,,,,,,,,,,
,,暗黙,1,,,,,,,,,,,,,,,,,box!),2,,,付く,2,,,,,,,,,,,,,,,,,,
,,意志,1,,,,,,,,,,,,,,,,,Calling)Snow,2,,,撫でる,2,,,,,,,,,,,,,,,,,,
,,衣装,1,,,,,,,,,,,,,,,,,can,2,,,閉じる,2,,,,,,,,,,,,,,,,,,
,,育て,1,,,,,,,,,,,,,,,,,Christmas,2,,,包む,2,,,,,,,,,,,,,,,,,,
,,一つ,1,,,,,,,,,,,,,,,,,Countdown,2,,,抱きつく,2,,,,,,,,,,,,,,,,,,
,,一人,1,,,,,,,,,,,,,,,,,Dash,2,,,捧げる,2,,,,,,,,,,,,,,,,,,
,,一体,1,,,,,,,,,,,,,,,,,day),2,,,満ちる,2,,,,,,,,,,,,,,,,,,
,,引っ込み思案,1,,,,,,,,,,,,,,,,,DESTINY,2,,,鳴る,2,,,,,,,,,,,,,,,,,,
,,宇宙,1,,,,,,,,,,,,,,,,,doki!,2,,,目覚める,2,,,,,,,,,,,,,,,,,,
,,羽根,1,,,,,,,,,,,,,,,,,"down,",2,,,戻る,2,,,,,,,,,,,,,,,,,,
,,映画,1,,,,,,,,,,,,,,,,,everybody,2,,,踊れる,2,,,,,,,,,,,,,,,,,,
,,円陣,1,,,,,,,,,,,,,,,,,Falling)Snow,2,,,かき消す,1,,,,,,,,,,,,,,,,,,
,,王道,1,,,,,,,,,,,,,,,,,Fighting,2,,,こぼれ落ちる,1,,,,,,,,,,,,,,,,,,
,,屋上,1,,,,,,,,,,,,,,,,,happy!,2,,,たどり着く,1,,,,,,,,,,,,,,,,,,
,,牡丹,1,,,,,,,,,,,,,,,,,HEARTBREAK,2,,,ひっくり返す,1,,,,,,,,,,,,,,,,,,
,,温もり,1,,,,,,,,,,,,,,,,,I,2,,,握りしめる,1,,,,,,,,,,,,,,,,,,
,,下剋上,1,,,,,,,,,,,,,,,,,if,2,,,陰る,1,,,,,,,,,,,,,,,,,,
,,菓子,1,,,,,,,,,,,,,,,,,Life,2,,,隠す,1,,,,,,,,,,,,,,,,,,
,,過ち,1,,,,,,,,,,,,,,,,,"life,",2,,,隠せる,1,,,,,,,,,,,,,,,,,,
,,悔し泣き,1,,,,,,,,,,,,,,,,,Listen,2,,,映る,1,,,,,,,,,,,,,,,,,,
,,学校,1,,,,,,,,,,,,,,,,,"live,",2,,,遠ざかる,1,,,,,,,,,,,,,,,,,,
,,楽しみ,1,,,,,,,,,,,,,,,,,"Masquerade,",2,,,往ける,1,,,,,,,,,,,,,,,,,,
,,歓び,1,,,,,,,,,,,,,,,,,Mysterious,2,,,温める,1,,,,,,,,,,,,,,,,,,
,,幾多,1,,,,,,,,,,,,,,,,,NANANANANANAGO,2,,,加わる,1,,,,,,,,,,,,,,,,,,
,,帰り,1,,,,,,,,,,,,,,,,,night,2,,,果たす,1,,,,,,,,,,,,,,,,,,
,,気まぐれ,1,,,,,,,,,,,,,,,,,One,2,,,果てる,1,,,,,,,,,,,,,,,,,,
,,久しぶり,1,,,,,,,,,,,,,,,,,OR,2,,,架かる,1,,,,,,,,,,,,,,,,,,
,,泣き笑い,1,,,,,,,,,,,,,,,,,Pan,2,,,歌える,1,,,,,,,,,,,,,,,,,,
,,究極,1,,,,,,,,,,,,,,,,,Power,2,,,花開く,1,,,,,,,,,,,,,,,,,,
,,拠り所,1,,,,,,,,,,,,,,,,,Pride,2,,,過ぎる,1,,,,,,,,,,,,,,,,,,
,,教務,1,,,,,,,,,,,,,,,,,Rainbow),2,,,過ぎ去る,1,,,,,,,,,,,,,,,,,,
,,巾着,1,,,,,,,,,,,,,,,,,Ready,2,,,霞む,1,,,,,,,,,,,,,,,,,,
,,金魚,1,,,,,,,,,,,,,,,,,s),2,,,解き明かす,1,,,,,,,,,,,,,,,,,,
,,欠片,1,,,,,,,,,,,,,,,,,Shout,2,,,回す,1,,,,,,,,,,,,,,,,,,
,,玄関,1,,,,,,,,,,,,,,,,,"sing,",2,,,外す,1,,,,,,,,,,,,,,,,,,
,,五つ,1,,,,,,,,,,,,,,,,,Soul,2,,,覚める,1,,,,,,,,,,,,,,,,,,
,,五色,1,,,,,,,,,,,,,,,,,Starry,2,,,叶える,1,,,,,,,,,,,,,,,,,,
,,五線譜,1,,,,,,,,,,,,,,,,,STEPPING,2,,,噛み締める,1,,,,,,,,,,,,,,,,,,
,,後ろ,1,,,,,,,,,,,,,,,,,STOP,2,,,緩める,1,,,,,,,,,,,,,,,,,,
,,向かい,1,,,,,,,,,,,,,,,,,Tan,2,,,観る,1,,,,,,,,,,,,,,,,,,
,,校庭,1,,,,,,,,,,,,,,,,,thing,2,,,頑張る,1,,,,,,,,,,,,,,,,,,
,,香り,1,,,,,,,,,,,,,,,,,"time,",2,,,帰れる,1,,,,,,,,,,,,,,,,,,
,,坂道,1,,,,,,,,,,,,,,,,,Trip),2,,,起こる,1,,,,,,,,,,,,,,,,,,
,,作戦,1,,,,,,,,,,,,,,,,,Twinkle,2,,,詰めこむ,1,,,,,,,,,,,,,,,,,,
,,雑貨,1,,,,,,,,,,,,,,,,,Two,2,,,泣かせる,1,,,,,,,,,,,,,,,,,,
,,三つ,1,,,,,,,,,,,,,,,,,Versus,2,,,許す,1,,,,,,,,,,,,,,,,,,
,,仕草,1,,,,,,,,,,,,,,,,,We,2,,,許せる,1,,,,,,,,,,,,,,,,,,
,,姉妹,1,,,,,,,,,,,,,,,,,"Yes,it",2,,,怯む,1,,,,,,,,,,,,,,,,,,
,,時計,1,,,,,,,,,,,,,,,,,"YOU,",2,,,驚く,1,,,,,,,,,,,,,,,,,,
,,自信,1,,,,,,,,,,,,,,,,,[sandglass],2,,,駆け寄る,1,,,,,,,,,,,,,,,,,,
,,自転車,1,,,,,,,,,,,,,,,,,ぱ,2,,,駆る,1,,,,,,,,,,,,,,,,,,
,,七つの海,1,,,,,,,,,,,,,,,,,ア,2,,,繋げる,1,,,,,,,,,,,,,,,,,,
,,射的,1,,,,,,,,,,,,,,,,,キボウ,2,,,迎える,1,,,,,,,,,,,,,,,,,,
,,手のひら,1,,,,,,,,,,,,,,,,,キュン,2,,,見つかる,1,,,,,,,,,,,,,,,,,,
,,寿司,1,,,,,,,,,,,,,,,,,キラメキ,2,,,見失う,1,,,,,,,,,,,,,,,,,,
,,出口,1,,,,,,,,,,,,,,,,,コエ,2,,,見守る,1,,,,,,,,,,,,,,,,,,
,,巡り,1,,,,,,,,,,,,,,,,,コドウ,2,,,言いそびれる,1,,,,,,,,,,,,,,,,,,
,,巡り合い,1,,,,,,,,,,,,,,,,,サーキュレーション,2,,,呼び覚ます,1,,,,,,,,,,,,,,,,,,
,,商店,1,,,,,,,,,,,,,,,,,チューニング,2,,,戸惑う,1,,,,,,,,,,,,,,,,,,
,,笑い声,1,,,,,,,,,,,,,,,,,トモダチ,2,,,交わす,1,,,,,,,,,,,,,,,,,,
,,衝撃,1,,,,,,,,,,,,,,,,,ナナメ,2,,,口ずさむ,1,,,,,,,,,,,,,,,,,,
,,伸び,1,,,,,,,,,,,,,,,,,ネガイゴト,2,,,向き合う,1,,,,,,,,,,,,,,,,,,
,,心臓,1,,,,,,,,,,,,,,,,,ビタースイート,2,,,降り続く,1,,,,,,,,,,,,,,,,,,
,,振り,1,,,,,,,,,,,,,,,,,ベリーロール,2,,,混じる,1,,,,,,,,,,,,,,,,,,
,,真っ向,1,,,,,,,,,,,,,,,,,ホンキ,2,,,座る,1,,,,,,,,,,,,,,,,,,
,,真っ直ぐ,1,,,,,,,,,,,,,,,,,モノガタリ,2,,,作り出す,1,,,,,,,,,,,,,,,,,,
,,真ん中,1,,,,,,,,,,,,,,,,,!)sunflower!,1,,,作る,1,,,,,,,,,,,,,,,,,,
,,真夏,1,,,,,,,,,,,,,,,,,"(BACK,",1,,,散る,1,,,,,,,,,,,,,,,,,,
,,真顔,1,,,,,,,,,,,,,,,,,(Beat,1,,,残す,1,,,,,,,,,,,,,,,,,,
,,真実,1,,,,,,,,,,,,,,,,,(blue,1,,,仕組む,1,,,,,,,,,,,,,,,,,,
,,神社,1,,,,,,,,,,,,,,,,,(Box!),1,,,思える,1,,,,,,,,,,,,,,,,,,
,,震え,1,,,,,,,,,,,,,,,,,(can),1,,,指す,1,,,,,,,,,,,,,,,,,,
,,人ごみ,1,,,,,,,,,,,,,,,,,(Clapping),1,,,似る,1,,,,,,,,,,,,,,,,,,
,,人形,1,,,,,,,,,,,,,,,,,(Cry,1,,,叱る,1,,,,,,,,,,,,,,,,,,
,,人混み,1,,,,,,,,,,,,,,,,,(Dash,1,,,射す,1,,,,,,,,,,,,,,,,,,
,,人波,1,,,,,,,,,,,,,,,,,(do),1,,,赦す,1,,,,,,,,,,,,,,,,,,
,,世紀,1,,,,,,,,,,,,,,,,,(endless,1,,,借りる,1,,,,,,,,,,,,,,,,,,
,,星空,1,,,,,,,,,,,,,,,,,(Enjoy,1,,,取りだす,1,,,,,,,,,,,,,,,,,,
,,星屑,1,,,,,,,,,,,,,,,,,(Festa,1,,,取り戻す,1,,,,,,,,,,,,,,,,,,
,,生まれたて,1,,,,,,,,,,,,,,,,,(Go,1,,,取り戻せる,1,,,,,,,,,,,,,,,,,,
,,聖夜,1,,,,,,,,,,,,,,,,,(Hah,1,,,受け入れる,1,,,,,,,,,,,,,,,,,,
,,青空,1,,,,,,,,,,,,,,,,,(Heart,1,,,終える,1,,,,,,,,,,,,,,,,,,
,,赤ちゃん,1,,,,,,,,,,,,,,,,,(Hello,1,,,出かける,1,,,,,,,,,,,,,,,,,,
,,切れ間,1,,,,,,,,,,,,,,,,,(Hi!),1,,,出来る,1,,,,,,,,,,,,,,,,,,
,,雪景色,1,,,,,,,,,,,,,,,,,(High,1,,,傷つく,1,,,,,,,,,,,,,,,,,,
,,素顔,1,,,,,,,,,,,,,,,,,(I,1,,,傷つける,1,,,,,,,,,,,,,,,,,,
,,想い出,1,,,,,,,,,,,,,,,,,(it,1,,,唱える,1,,,,,,,,,,,,,,,,,,
,,相棒,1,,,,,,,,,,,,,,,,,(Knock!),1,,,焼きつける,1,,,,,,,,,,,,,,,,,,
,,足取り,1,,,,,,,,,,,,,,,,,"(KNOW,",1,,,焼き付く,1,,,,,,,,,,,,,,,,,,
,,足跡,1,,,,,,,,,,,,,,,,,"(ME,",1,,,焼く,1,,,,,,,,,,,,,,,,,,
,,揃い,1,,,,,,,,,,,,,,,,,(My,1,,,笑わせる,1,,,,,,,,,,,,,,,,,,
,,他人,1,,,,,,,,,,,,,,,,,"(Mysterious,",1,,,乗せる,1,,,,,,,,,,,,,,,,,,
,,太鼓,1,,,,,,,,,,,,,,,,,(OK,1,,,乗る,1,,,,,,,,,,,,,,,,,,
,,待ち,1,,,,,,,,,,,,,,,,,(RISE,1,,,譲れる,1,,,,,,,,,,,,,,,,,,
,,大空,1,,,,,,,,,,,,,,,,,(Romantic),1,,,拭う,1,,,,,,,,,,,,,,,,,,
,,誰か,1,,,,,,,,,,,,,,,,,(shining),1,,,拭く,1,,,,,,,,,,,,,,,,,,
,,地球,1,,,,,,,,,,,,,,,,,(Special,1,,,色あせる,1,,,,,,,,,,,,,,,,,,
,,地平,1,,,,,,,,,,,,,,,,,(starry,1,,,触れあう,1,,,,,,,,,,,,,,,,,,
,,秩序,1,,,,,,,,,,,,,,,,,(Stepping),1,,,触れ合う,1,,,,,,,,,,,,,,,,,,
,,中庭,1,,,,,,,,,,,,,,,,,(STOP,1,,,深まる,1,,,,,,,,,,,,,,,,,,
,,頂上,1,,,,,,,,,,,,,,,,,"(TICK,",1,,,尽きる,1,,,,,,,,,,,,,,,,,,
,,天井,1,,,,,,,,,,,,,,,,,(UP,1,,,訊く,1,,,,,,,,,,,,,,,,,,
,,天気,1,,,,,,,,,,,,,,,,,(Want,1,,,数える,1,,,,,,,,,,,,,,,,,,
,,天使,1,,,,,,,,,,,,,,,,,(Wonderland),1,,,澄ます,1,,,,,,,,,,,,,,,,,,
,,土星,1,,,,,,,,,,,,,,,,,(You,1,,,積み重ねる,1,,,,,,,,,,,,,,,,,,
,,灯火,1,,,,,,,,,,,,,,,,,(You),1,,,切る,1,,,,,,,,,,,,,,,,,,
,,動き,1,,,,,,,,,,,,,,,,,)Dream,1,,,扇ぐ,1,,,,,,,,,,,,,,,,,,
,,突破口,1,,,,,,,,,,,,,,,,,)Now,1,,,選べる,1,,,,,,,,,,,,,,,,,,
,,内緒,1,,,,,,,,,,,,,,,,,)You,1,,,騒がせる,1,,,,,,,,,,,,,,,,,,
,,難題,1,,,,,,,,,,,,,,,,,a,1,,,増やす,1,,,,,,,,,,,,,,,,,,
,,二つ,1,,,,,,,,,,,,,,,,,All,1,,,贈る,1,,,,,,,,,,,,,,,,,,
,,日和,1,,,,,,,,,,,,,,,,,BACK,1,,,足掻く,1,,,,,,,,,,,,,,,,,,
,,悩みごと,1,,,,,,,,,,,,,,,,,"BACK,",1,,,堕ちる,1,,,,,,,,,,,,,,,,,,
,,泊まり,1,,,,,,,,,,,,,,,,,band,1,,,打つ,1,,,,,,,,,,,,,,,,,,
,,秘密,1,,,,,,,,,,,,,,,,,Believe(me,1,,,待ち合わせる,1,,,,,,,,,,,,,,,,,,
,,鼻歌,1,,,,,,,,,,,,,,,,,Believe(you,1,,,辿る,1,,,,,,,,,,,,,,,,,,
,,必然,1,,,,,,,,,,,,,,,,,Believing,1,,,知らせる,1,,,,,,,,,,,,,,,,,,
,,標識,1,,,,,,,,,,,,,,,,,best,1,,,眺める,1,,,,,,,,,,,,,,,,,,
,,不変,1,,,,,,,,,,,,,,,,,blooming,1,,,聴こえる,1,,,,,,,,,,,,,,,,,,
,,舞台,1,,,,,,,,,,,,,,,,,CHANCE,1,,,超える,1,,,,,,,,,,,,,,,,,,
,,部屋,1,,,,,,,,,,,,,,,,,change),1,,,沈む,1,,,,,,,,,,,,,,,,,,
,,別れ,1,,,,,,,,,,,,,,,,,COOL,1,,,通り抜ける,1,,,,,,,,,,,,,,,,,,
,,変わり目,1,,,,,,,,,,,,,,,,,Do,1,,,掴める,1,,,,,,,,,,,,,,,,,,
,,弁当,1,,,,,,,,,,,,,,,,,Doubt,1,,,綴る,1,,,,,,,,,,,,,,,,,,
,,歩幅,1,,,,,,,,,,,,,,,,,DOWN,1,,,転げる,1,,,,,,,,,,,,,,,,,,
,,抱え,1,,,,,,,,,,,,,,,,,Dream!(Hi,1,,,転ぶ,1,,,,,,,,,,,,,,,,,,
,,忘れ物,1,,,,,,,,,,,,,,,,,Dream(on,1,,,吐く,1,,,,,,,,,,,,,,,,,,
,,望遠鏡,1,,,,,,,,,,,,,,,,,everybody(,1,,,渡せる,1,,,,,,,,,,,,,,,,,,
,,磨き,1,,,,,,,,,,,,,,,,,face,1,,,途切れる,1,,,,,,,,,,,,,,,,,,
,,幕開け,1,,,,,,,,,,,,,,,,,FALL,1,,,倒れる,1,,,,,,,,,,,,,,,,,,
,,枕元,1,,,,,,,,,,,,,,,,,fear),1,,,凍える,1,,,,,,,,,,,,,,,,,,
,,夢うつつ,1,,,,,,,,,,,,,,,,,Fight,1,,,答える,1,,,,,,,,,,,,,,,,,,
,,無我夢中,1,,,,,,,,,,,,,,,,,FINE,1,,,踏み出せる,1,,,,,,,,,,,,,,,,,,
,,迷い,1,,,,,,,,,,,,,,,,,Friday,1,,,動かす,1,,,,,,,,,,,,,,,,,,
,,迷子,1,,,,,,,,,,,,,,,,,friend),1,,,動ける,1,,,,,,,,,,,,,,,,,,
,,木枯らし,1,,,,,,,,,,,,,,,,,Frustration,1,,,導く,1,,,,,,,,,,,,,,,,,,
,,木漏れ日,1,,,,,,,,,,,,,,,,,fun!,1,,,憧れる,1,,,,,,,,,,,,,,,,,,
,,目配せ,1,,,,,,,,,,,,,,,,,Glory,1,,,得る,1,,,,,,,,,,,,,,,,,,
,,夕闇,1,,,,,,,,,,,,,,,,,Gold,1,,,入る,1,,,,,,,,,,,,,,,,,,
,,夕日,1,,,,,,,,,,,,,,,,,GOOD,1,,,燃える,1,,,,,,,,,,,,,,,,,,
,,夕陽,1,,,,,,,,,,,,,,,,,good!,1,,,破れる,1,,,,,,,,,,,,,,,,,,
,,揺るぎ,1,,,,,,,,,,,,,,,,,Halation,1,,,這う,1,,,,,,,,,,,,,,,,,,
,,陽炎,1,,,,,,,,,,,,,,,,,Holy,1,,,縛る,1,,,,,,,,,,,,,,,,,,
,,裸足,1,,,,,,,,,,,,,,,,,Keep,1,,,抜けでる,1,,,,,,,,,,,,,,,,,,
,,立ち上がり,1,,,,,,,,,,,,,,,,,know,1,,,抜け出す,1,,,,,,,,,,,,,,,,,,
,,涼しげ,1,,,,,,,,,,,,,,,,,"KNOW,",1,,,疲れる,1,,,,,,,,,,,,,,,,,,
,,連鎖,1,,,,,,,,,,,,,,,,,lasting,1,,,飛びたつ,1,,,,,,,,,,,,,,,,,,
,,廊下,1,,,,,,,,,,,,,,,,,Look,1,,,飛び乗る,1,,,,,,,,,,,,,,,,,,
,,惑星,1,,,,,,,,,,,,,,,,,Lovin,1,,,飛べる,1,,,,,,,,,,,,,,,,,,
,,,,,,,,,,,,,,,,,,,,Mash,1,,,浮かぶ,1,,,,,,,,,,,,,,,,,,
,,,,,,,,,,,,,,,,,,,,"ME,",1,,,伏せる,1,,,,,,,,,,,,,,,,,,
,,,,,,,,,,,,,,,,,,,,Melody,1,,,分ける,1,,,,,,,,,,,,,,,,,,
,,,,,,,,,,,,,,,,,,,,Merry,1,,,並ぶ,1,,,,,,,,,,,,,,,,,,
,,,,,,,,,,,,,,,,,,,,Miracle,1,,,閉ざす,1,,,,,,,,,,,,,,,,,,
,,,,,,,,,,,,,,,,,,,,Mission,1,,,閉じ込める,1,,,,,,,,,,,,,,,,,,
,,,,,,,,,,,,,,,,,,,,Monday,1,,,放す,1,,,,,,,,,,,,,,,,,,
,,,,,,,,,,,,,,,,,,,,"Mysterious,",1,,,紡ぐ,1,,,,,,,,,,,,,,,,,,
,,,,,,,,,,,,,,,,,,,,never,1,,,味わう,1,,,,,,,,,,,,,,,,,,
,,,,,,,,,,,,,,,,,,,,now),1,,,魅せる,1,,,,,,,,,,,,,,,,,,
,,,,,,,,,,,,,,,,,,,,only,1,,,明ける,1,,,,,,,,,,,,,,,,,,
,,,,,,,,,,,,,,,,,,,,OUT),1,,,鳴く,1,,,,,,,,,,,,,,,,,,
,,,,,,,,,,,,,,,,,,,,PEOPLE,1,,,鳴りだす,1,,,,,,,,,,,,,,,,,,
,,,,,,,,,,,,,,,,,,,,Phase,1,,,黙る,1,,,,,,,,,,,,,,,,,,
,,,,,,,,,,,,,,,,,,,,play(,1,,,戻す,1,,,,,,,,,,,,,,,,,,
,,,,,,,,,,,,,,,,,,,,playing!,1,,,問いかける,1,,,,,,,,,,,,,,,,,,
,,,,,,,,,,,,,,,,,,,,PRESENT),1,,,躍る,1,,,,,,,,,,,,,,,,,,
,,,,,,,,,,,,,,,,,,,,race,1,,,勇気づける,1,,,,,,,,,,,,,,,,,,
,,,,,,,,,,,,,,,,,,,,rain),1,,,湧く,1,,,,,,,,,,,,,,,,,,
,,,,,,,,,,,,,,,,,,,,Returns,1,,,揺らぐ,1,,,,,,,,,,,,,,,,,,
,,,,,,,,,,,,,,,,,,,,RISING,1,,,揺る,1,,,,,,,,,,,,,,,,,,
,,,,,,,,,,,,,,,,,,,,Road),1,,,溶けだす,1,,,,,,,,,,,,,,,,,,
,,,,,,,,,,,,,,,,,,,,Rockin,1,,,溶ける,1,,,,,,,,,,,,,,,,,,
,,,,,,,,,,,,,,,,,,,,Saturday,1,,,溶け合う,1,,,,,,,,,,,,,,,,,,
,,,,,,,,,,,,,,,,,,,,say,1,,,頼る,1,,,,,,,,,,,,,,,,,,
,,,,,,,,,,,,,,,,,,,,Shoot,1,,,絡まる,1,,,,,,,,,,,,,,,,,,
,,,,,,,,,,,,,,,,,,,,SHOOTING,1,,,利かす,1,,,,,,,,,,,,,,,,,,
,,,,,,,,,,,,,,,,,,,,Show,1,,,立ちすくむ,1,,,,,,,,,,,,,,,,,,
,,,,,,,,,,,,,,,,,,,,Showtime,1,,,立ち上がる,1,,,,,,,,,,,,,,,,,,
,,,,,,,,,,,,,,,,,,,,Showtime(,1,,,立ち竦む,1,,,,,,,,,,,,,,,,,,
,,,,,,,,,,,,,,,,,,,,Silent,1,,,立てる,1,,,,,,,,,,,,,,,,,,
,,,,,,,,,,,,,,,,,,,,sing(,1,,,留める,1,,,,,,,,,,,,,,,,,,
,,,,,,,,,,,,,,,,,,,,smile!),1,,,励ます,1,,,,,,,,,,,,,,,,,,
,,,,,,,,,,,,,,,,,,,,Smiling,1,,,呟く,1,,,,,,,,,,,,,,,,,,
,,,,,,,,,,,,,,,,,,,,smiling!,1,,,滾る,1,,,,,,,,,,,,,,,,,,
,,,,,,,,,,,,,,,,,,,,Song),1,,,滲む,1,,,,,,,,,,,,,,,,,,
,,,,,,,,,,,,,,,,,,,,Spotlight,1,,,,,,,,,,,,,,,,,,,,,,
,,,,,,,,,,,,,,,,,,,,Standby,1,,,,,,,,,,,,,,,,,,,,,,
,,,,,,,,,,,,,,,,,,,,Starting,1,,,,,,,,,,,,,,,,,,,,,,
,,,,,,,,,,,,,,,,,,,,Story,1,,,,,,,,,,,,,,,,,,,,,,
,,,,,,,,,,,,,,,,,,,,story),1,,,,,,,,,,,,,,,,,,,,,,
,,,,,,,,,,,,,,,,,,,,Sunday,1,,,,,,,,,,,,,,,,,,,,,,
,,,,,,,,,,,,,,,,,,,,Ta,1,,,,,,,,,,,,,,,,,,,,,,
,,,,,,,,,,,,,,,,,,,,"TACK,",1,,,,,,,,,,,,,,,,,,,,,,
,,,,,,,,,,,,,,,,,,,,Teardrops,1,,,,,,,,,,,,,,,,,,,,,,
,,,,,,,,,,,,,,,,,,,,Thursday,1,,,,,,,,,,,,,,,,,,,,,,
,,,,,,,,,,,,,,,,,,,,Time),1,,,,,,,,,,,,,,,,,,,,,,
,,,,,,,,,,,,,,,,,,,,touch,1,,,,,,,,,,,,,,,,,,,,,,
,,,,,,,,,,,,,,,,,,,,town,1,,,,,,,,,,,,,,,,,,,,,,
,,,,,,,,,,,,,,,,,,,,Tuesday,1,,,,,,,,,,,,,,,,,,,,,,
,,,,,,,,,,,,,,,,,,,,understand,1,,,,,,,,,,,,,,,,,,,,,,
,,,,,,,,,,,,,,,,,,,,wake,1,,,,,,,,,,,,,,,,,,,,,,
,,,,,,,,,,,,,,,,,,,,WAY),1,,,,,,,,,,,,,,,,,,,,,,
,,,,,,,,,,,,,,,,,,,,Wednesday,1,,,,,,,,,,,,,,,,,,,,,,
,,,,,,,,,,,,,,,,,,,,Weekend,1,,,,,,,,,,,,,,,,,,,,,,
,,,,,,,,,,,,,,,,,,,,Welcome,1,,,,,,,,,,,,,,,,,,,,,,
,,,,,,,,,,,,,,,,,,,,ぷ,1,,,,,,,,,,,,,,,,,,,,,,
,,,,,,,,,,,,,,,,,,,,アニバーサリー,1,,,,,,,,,,,,,,,,,,,,,,
,,,,,,,,,,,,,,,,,,,,イタイ,1,,,,,,,,,,,,,,,,,,,,,,
,,,,,,,,,,,,,,,,,,,,エモーション,1,,,,,,,,,,,,,,,,,,,,,,
,,,,,,,,,,,,,,,,,,,,オモイ,1,,,,,,,,,,,,,,,,,,,,,,
,,,,,,,,,,,,,,,,,,,,カタチ,1,,,,,,,,,,,,,,,,,,,,,,
,,,,,,,,,,,,,,,,,,,,キュッ,1,,,,,,,,,,,,,,,,,,,,,,
,,,,,,,,,,,,,,,,,,,,キラプリ,1,,,,,,,,,,,,,,,,,,,,,,
,,,,,,,,,,,,,,,,,,,,サ,1,,,,,,,,,,,,,,,,,,,,,,
,,,,,,,,,,,,,,,,,,,,シッポ,1,,,,,,,,,,,,,,,,,,,,,,
,,,,,,,,,,,,,,,,,,,,シャッフル,1,,,,,,,,,,,,,,,,,,,,,,
,,,,,,,,,,,,,,,,,,,,シュシュ,1,,,,,,,,,,,,,,,,,,,,,,
,,,,,,,,,,,,,,,,,,,,ズルイ,1,,,,,,,,,,,,,,,,,,,,,,
,,,,,,,,,,,,,,,,,,,,タイヤキニ,1,,,,,,,,,,,,,,,,,,,,,,
,,,,,,,,,,,,,,,,,,,,チョコレイト,1,,,,,,,,,,,,,,,,,,,,,,
,,,,,,,,,,,,,,,,,,,,ティンパニ,1,,,,,,,,,,,,,,,,,,,,,,
,,,,,,,,,,,,,,,,,,,,トキメキ,1,,,,,,,,,,,,,,,,,,,,,,
,,,,,,,,,,,,,,,,,,,,トコ,1,,,,,,,,,,,,,,,,,,,,,,
,,,,,,,,,,,,,,,,,,,,ドコ,1,,,,,,,,,,,,,,,,,,,,,,
,,,,,,,,,,,,,,,,,,,,ナニカ,1,,,,,,,,,,,,,,,,,,,,,,
,,,,,,,,,,,,,,,,,,,,ハグ,1,,,,,,,,,,,,,,,,,,,,,,
,,,,,,,,,,,,,,,,,,,,ハナゾノ,1,,,,,,,,,,,,,,,,,,,,,,
,,,,,,,,,,,,,,,,,,,,ヒラメキ,1,,,,,,,,,,,,,,,,,,,,,,
,,,,,,,,,,,,,,,,,,,,フツー,1,,,,,,,,,,,,,,,,,,,,,,
,,,,,,,,,,,,,,,,,,,,フリック,1,,,,,,,,,,,,,,,,,,,,,,
,,,,,,,,,,,,,,,,,,,,ヘコ,1,,,,,,,,,,,,,,,,,,,,,,
,,,,,,,,,,,,,,,,,,,,ベリーメリー,1,,,,,,,,,,,,,,,,,,,,,,
,,,,,,,,,,,,,,,,,,,,ホシ,1,,,,,,,,,,,,,,,,,,,,,,
,,,,,,,,,,,,,,,,,,,,ポピパ,1,,,,,,,,,,,,,,,,,,,,,,
,,,,,,,,,,,,,,,,,,,,ポピパピポパポピパパピポパ,1,,,,,,,,,,,,,,,,,,,,,,
,,,,,,,,,,,,,,,,,,,,マシ,1,,,,,,,,,,,,,,,,,,,,,,
,,,,,,,,,,,,,,,,,,,,マシマシ,1,,,,,,,,,,,,,,,,,,,,,,
,,,,,,,,,,,,,,,,,,,,マラカス,1,,,,,,,,,,,,,,,,,,,,,,
,,,,,,,,,,,,,,,,,,,,メリ,1,,,,,,,,,,,,,,,,,,,,,,
,,,,,,,,,,,,,,,,,,,,ルララ,1,,,,,,,,,,,,,,,,,,,,,,
,,,,,,,,,,,,,,,,,,,,読,1,,,,,,,,,,,,,,,,,,,,,,
,,,,,,,,,,,,,,,,,,,,俯,1,,,,,,,,,,,,,,,,,,,,,,
